-- MySQL dump 10.16  Distrib 10.1.23-MariaDB, for debian-linux-gnueabihf (armv7l)
--
-- Host: localhost    Database: stockapps
-- ------------------------------------------------------
-- Server version	10.1.23-MariaDB-9+deb9u1

/*!40101 SET @OLD_CHARACTER_SET_CLIENT=@@CHARACTER_SET_CLIENT */;
/*!40101 SET @OLD_CHARACTER_SET_RESULTS=@@CHARACTER_SET_RESULTS */;
/*!40101 SET @OLD_COLLATION_CONNECTION=@@COLLATION_CONNECTION */;
/*!40101 SET NAMES utf8mb4 */;
/*!40103 SET @OLD_TIME_ZONE=@@TIME_ZONE */;
/*!40103 SET TIME_ZONE='+00:00' */;
/*!40014 SET @OLD_UNIQUE_CHECKS=@@UNIQUE_CHECKS, UNIQUE_CHECKS=0 */;
/*!40014 SET @OLD_FOREIGN_KEY_CHECKS=@@FOREIGN_KEY_CHECKS, FOREIGN_KEY_CHECKS=0 */;
/*!40101 SET @OLD_SQL_MODE=@@SQL_MODE, SQL_MODE='NO_AUTO_VALUE_ON_ZERO' */;
/*!40111 SET @OLD_SQL_NOTES=@@SQL_NOTES, SQL_NOTES=0 */;

--
-- Table structure for table `history`
--

DROP TABLE IF EXISTS `history`;
/*!40101 SET @saved_cs_client     = @@character_set_client */;
/*!40101 SET character_set_client = utf8 */;
CREATE TABLE `history` (
  `history_id` varchar(16) NOT NULL,
  `history_date` datetime NOT NULL,
  `history_code` varchar(16) NOT NULL,
  `history_by` varchar(64) NOT NULL,
  `history_content` text NOT NULL,
  `history_notes` text NOT NULL,
  `picked_item` int(11) NOT NULL,
  `item_id` varchar(16) NOT NULL,
  `history_status` varchar(16) NOT NULL,
  PRIMARY KEY (`history_id`)
) ENGINE=InnoDB DEFAULT CHARSET=utf8mb4 ROW_FORMAT=COMPRESSED KEY_BLOCK_SIZE=8;
/*!40101 SET character_set_client = @saved_cs_client */;

--
-- Dumping data for table `history`
--

LOCK TABLES `history` WRITE;
/*!40000 ALTER TABLE `history` DISABLE KEYS */;
INSERT INTO `history` VALUES ('118292818','2018-04-01 09:41:52','#003-add-item','Yossy Ade Nugroho','2018-04-01 09:41:52, Yossy Ade Nugroho has added item, name: Patchcore (SC-FC) 50 m, Location: Staging Lt. 1 ID: #272540638','Add items',0,'272540638','None'),('133392929','2018-03-29 18:03:16','#002-edit-item','Yossy Ade Nugroho','2018-03-29 18:03:16, Yossy Ade Nugroho has edited item, name: Patchcore (LC-FC) 40 m, Location: Staging Lt.1 ID: #401120502','Edit items',0,'401120502','None'),('176576512','2018-04-01 17:37:42','#003-add-item','Yossy Ade Nugroho','2018-04-01 17:37:42, Yossy Ade Nugroho has added item, name: Baterai 9v, Location: Staging Lt. 1 ID: #901797296','Add items',0,'901797296','None'),('189283943','2018-04-01 17:45:01','#003-add-item','Yossy Ade Nugroho','2018-04-01 17:45:01, Yossy Ade Nugroho has added item, name: Tape Printer Label 12mm, Location: Staging Lt. 1 ID: #178936580','Add items',0,'178936580','None'),('193682408','2018-03-29 18:35:47','#002-edit-item','Yossy Ade Nugroho','2018-03-29 18:35:47, Yossy Ade Nugroho has edited item, name: Patchcore (LC-FC) 40 m, Location: Staging Lt.1 ID: #401120502','Edit items',0,'401120502','None'),('205082388','2018-03-29 18:00:49','#002-edit-item','Yossy Ade Nugroho','2018-03-29 18:00:49, Yossy Ade Nugroho has edited item, name: Patchcore (LC-FC) 40 m, Location: Staging Lt.1 ID: #401120502','Edit items',0,'401120502','None'),('21744476','2018-04-01 09:57:38','#003-add-item','Yossy Ade Nugroho','2018-04-01 09:57:38, Yossy Ade Nugroho has added item, name: Patchcore (LC-LC) 40 m, Location: Staging Lt. 1 ID: #405222235','Add items',0,'405222235','None'),('231701914','2018-04-25 08:48:22','#004-remove-item','Yossy Ade Nugroho','2018-04-25 08:48:22, Yossy Ade Nugroho has removed item, name: Ballast Elektric, Location: Staging Lt. 1 ID: #963324175','Remove items',0,'963324175','None'),('232151598','2018-04-01 09:49:29','#003-add-item','Yossy Ade Nugroho','2018-04-01 09:49:29, Yossy Ade Nugroho has added item, name: Patchcore (LC-LC) 30 m, Location: Staging Lt. 1 ID: #682381773','Add items',0,'682381773','None'),('236086039','2018-04-01 17:16:02','#003-add-item','Yossy Ade Nugroho','2018-04-01 17:16:02, Yossy Ade Nugroho has added item, name: Legrand Male 32A, Location: Staging Lt. 1 ID: #577122370','Add items',0,'577122370','None'),('248502027','2018-04-01 09:43:58','#003-add-item','Yossy Ade Nugroho','2018-04-01 09:43:58, Yossy Ade Nugroho has added item, name: Patchcore (SC-FC) 10 m, Location: Staging Lt. 1 ID: #873841285','Add items',0,'873841285','None'),('249689856','2018-04-01 17:39:18','#003-add-item','Yossy Ade Nugroho','2018-04-01 17:39:18, Yossy Ade Nugroho has added item, name: Cable Power, Location: Staging Lt. 1 ID: #170891602','Add items',0,'170891602','None'),('25227700','2018-03-29 18:00:55','#002-edit-item','Yossy Ade Nugroho','2018-03-29 18:00:55, Yossy Ade Nugroho has edited item, name: Patchcore (LC-FC) 40 m, Location: Staging Lt.1 ID: #401120502','Edit items',0,'401120502','None'),('280303093','2018-04-01 17:39:43','#002-edit-item','Yossy Ade Nugroho','2018-04-01 17:39:43, Yossy Ade Nugroho has edited item, name: Cable Power, Location: Staging Lt.1 ID: #170891602','Edit items',0,'170891602','None'),('299236575','2018-03-29 19:04:39','#003-add-item','Yossy Ade Nugroho','2018-03-29 19:04:39, Yossy Ade Nugroho has added item, name: Patchcore (SC-SC) 40 m, Location: Staging Lt. 1 ID: #911488845','Add items',0,'911488845','None'),('309494139','2018-04-19 22:32:14','#003-add-item','Yossy Ade Nugroho','2018-04-19 22:32:14, Yossy Ade Nugroho has added item, name: Ballast electrical, Location: Staging Lt. 1 ID: #986587243','Add items',0,'986587243','None'),('323700483','2018-04-01 16:17:59','#003-add-item','Yossy Ade Nugroho','2018-04-01 16:17:59, Yossy Ade Nugroho has added item, name: Patch panel ADC Telnet, Location: Staging Lt. 1 ID: #128324695','Add items',0,'128324695','None'),('334707456','2018-04-01 17:42:02','#003-add-item','Yossy Ade Nugroho','2018-04-01 17:42:02, Yossy Ade Nugroho has added item, name: Power Distribution Unit, Location: Staging Lt. 1 ID: #264775845','Add items',0,'264775845','None'),('33497633','2018-04-01 09:51:11','#003-add-item','Yossy Ade Nugroho','2018-04-01 09:51:11, Yossy Ade Nugroho has added item, name: Patchcore (LC-LC) 20 m, Location: Staging Lt. 1 ID: #498569472','Add items',0,'498569472','None'),('336605243','2018-04-01 17:40:33','#003-add-item','Yossy Ade Nugroho','2018-04-01 17:40:33, Yossy Ade Nugroho has added item, name: Power Distribution Unit, Location: Staging Lt. 1 ID: #265863684','Add items',0,'265863684','None'),('345097342','2018-04-01 16:16:25','#003-add-item','Yossy Ade Nugroho','2018-04-01 16:16:25, Yossy Ade Nugroho has added item, name: Cabla Management, Location: Staging Lt. 1 ID: #201469899','Add items',0,'201469899','None'),('350727120','2018-04-01 09:56:07','#003-add-item','Yossy Ade Nugroho','2018-04-01 09:56:07, Yossy Ade Nugroho has added item, name: Patchcore (SC-SC) 15 m, Location: Staging Lt. 1 ID: #875287311','Add items',0,'875287311','None'),('362665152','2018-03-29 17:05:02','#003-add-item','Yossy Ade Nugroho','2018-03-29 17:05:02, Yossy Ade Nugroho has added item, name: Kabel power, Location: Staging Lt. 3 ID: #244940168','Add items',0,'244940168','None'),('364159988','2018-04-17 09:03:33','#001-pick-up','Bayu Ilham M','2018-04-17 09:03:33, Bayu Ilham M has picked up 1 Pack of RJ 45, Location: Staging Lt. 1 ID: #890943241','Sisanya yg saya ambil disimpen di kotak merah lt.1, mohon yg mau pakai taruh kembali kotak merah jika sudah.',1,'890943241','None'),('374125500','2018-03-29 18:34:06','#003-add-item','Yossy Ade Nugroho','2018-03-29 18:34:06, Yossy Ade Nugroho has added item, name: Patchcore (LC-FC) 20 m, Location: Staging Lt. 1 ID: #179171688','Add items',0,'179171688','None'),('375327076','2018-03-29 18:35:03','#002-edit-item','Yossy Ade Nugroho','2018-03-29 18:35:03, Yossy Ade Nugroho has edited item, name: Patchcore (LC-FC) 40 m, Location: Staging Lt.1 ID: #401120502','Edit items',0,'401120502','None'),('393094530','2018-04-01 09:47:01','#004-remove-item','Yossy Ade Nugroho','2018-04-01 09:47:01, Yossy Ade Nugroho has removed item, name: Patchcore (SC-FC) 10 m, Location: Staging Lt. 1 ID: #873841285','Remove items',0,'873841285','None'),('396337304','2018-04-01 09:53:56','#003-add-item','Yossy Ade Nugroho','2018-04-01 09:53:56, Yossy Ade Nugroho has added item, name: Patchcore (LC-LC) 3 m, Location: Staging Lt. 1 ID: #786312688','Add items',0,'786312688','None'),('398535683','2018-04-01 17:43:42','#003-add-item','Yossy Ade Nugroho','2018-04-01 17:43:42, Yossy Ade Nugroho has added item, name: Tape Printer Label 18mm, Location: Staging Lt. 1 ID: #321315297','Add items',0,'321315297','None'),('42378636','2018-04-01 10:05:28','#003-add-item','Yossy Ade Nugroho','2018-04-01 10:05:28, Yossy Ade Nugroho has added item, name: Patchcore (LC-LC) 5 m, Location: Staging Lt. 1 ID: #971902971','Add items',0,'971902971','None'),('434217016','2018-04-01 09:44:21','#002-edit-item','Yossy Ade Nugroho','2018-04-01 09:44:21, Yossy Ade Nugroho has edited item, name: Patchcore (SC-FC) 40 m, Location: Staging Lt.1 ID: #927244492','Edit items',0,'927244492','None'),('435012662','2018-04-01 10:03:59','#003-add-item','Yossy Ade Nugroho','2018-04-01 10:03:59, Yossy Ade Nugroho has added item, name: Patchcore (LC-LC) 15 m, Location: Staging Lt. 1 ID: #27028846','Add items',0,'27028846','None'),('436474120','2018-03-29 18:35:03','#002-edit-item','Yossy Ade Nugroho','2018-03-29 18:35:03, Yossy Ade Nugroho has edited item, name: Patchcore (LC-FC) 40 m, Location: Staging Lt.1 ID: #401120502','Edit items',0,'401120502','None'),('443883626','2018-04-01 10:06:47','#003-add-item','Yossy Ade Nugroho','2018-04-01 10:06:47, Yossy Ade Nugroho has added item, name: Patchcore (LC-LC) 3 m, Location: Staging Lt. 3 ID: #863288808','Add items',0,'863288808','None'),('452096620','2018-03-29 18:35:03','#002-edit-item','Yossy Ade Nugroho','2018-03-29 18:35:03, Yossy Ade Nugroho has edited item, name: Patchcore (LC-FC) 40 m, Location: Staging Lt.1 ID: #401120502','Edit items',0,'401120502','None'),('45776068','2018-03-29 16:58:43','#003-add-item','Yossy Ade Nugroho','2018-03-29 16:58:43, Yossy Ade Nugroho has added item, name: Patchcore FO (LC-LC), Location: Staging Lt. 1 ID: #392905917','Add items',0,'392905917','None'),('458314421','2018-03-29 18:35:03','#002-edit-item','Yossy Ade Nugroho','2018-03-29 18:35:03, Yossy Ade Nugroho has edited item, name: Patchcore (LC-FC) 40 m, Location: Staging Lt.1 ID: #401120502','Edit items',0,'401120502','None'),('463412979','2018-04-01 17:12:02','#003-add-item','Yossy Ade Nugroho','2018-04-01 17:12:02, Yossy Ade Nugroho has added item, name: Rack Shelf (Mix), Location: Staging Lt. 3 ID: #40462723','Add items',0,'40462723','None'),('464723161','2018-04-01 16:16:54','#002-edit-item','Yossy Ade Nugroho','2018-04-01 16:16:54, Yossy Ade Nugroho has edited item, name: Cable Management, Location: Staging Lt.1 ID: #201469899','Edit items',0,'201469899','None'),('468204878','2018-04-01 09:48:14','#003-add-item','Yossy Ade Nugroho','2018-04-01 09:48:14, Yossy Ade Nugroho has added item, name: Patchcore (LC-LC) 50 m, Location: Staging Lt. 1 ID: #979255053','Add items',0,'979255053','None'),('470064046','2018-03-29 18:35:03','#002-edit-item','Yossy Ade Nugroho','2018-03-29 18:35:03, Yossy Ade Nugroho has edited item, name: Patchcore (LC-FC) 40 m, Location: Staging Lt.1 ID: #401120502','Edit items',0,'401120502','None'),('481137691','2018-03-29 18:35:03','#002-edit-item','Yossy Ade Nugroho','2018-03-29 18:35:03, Yossy Ade Nugroho has edited item, name: Patchcore (LC-FC) 40 m, Location: Staging Lt.1 ID: #401120502','Edit items',0,'401120502','None'),('501523598','2018-04-01 09:38:06','#003-add-item','Yossy Ade Nugroho','2018-04-01 09:38:06, Yossy Ade Nugroho has added item, name: Patchcore (SC-LC) 20 m, Location: Staging Lt. 1 ID: #334079100','Add items',0,'334079100','None'),('511728713','2018-03-29 18:35:03','#002-edit-item','Yossy Ade Nugroho','2018-03-29 18:35:03, Yossy Ade Nugroho has edited item, name: Patchcore (LC-FC) 40 m, Location: Staging Lt.1 ID: #401120502','Edit items',0,'401120502','None'),('517195338','2018-03-29 17:07:39','#001-pick-up','Yossy Ade Nugroho','2018-03-29 17:07:39, Yossy Ade Nugroho has picked up 23 pcs(s) of Patchcore FO (LC-LC), Location: Staging Lt. 1 ID: #392905917','asdasd',23,'392905917','None'),('526788768','2018-04-01 09:42:27','#003-add-item','Yossy Ade Nugroho','2018-04-01 09:42:27, Yossy Ade Nugroho has added item, name: Patchcore (SC-FC) 40 m, Location: Staging Lt. 1 ID: #927244492','Add items',0,'927244492','None'),('535408955','2018-03-29 18:35:03','#002-edit-item','Yossy Ade Nugroho','2018-03-29 18:35:03, Yossy Ade Nugroho has edited item, name: Patchcore (LC-FC) 40 m, Location: Staging Lt.1 ID: #401120502','Edit items',0,'401120502','None'),('555724247','2018-04-01 17:00:28','#003-add-item','Yossy Ade Nugroho','2018-04-01 17:00:28, Yossy Ade Nugroho has added item, name: RJ 45, Location: Staging Lt. 1 ID: #890943241','Add items',0,'890943241','None'),('560250160','2018-03-29 18:35:03','#002-edit-item','Yossy Ade Nugroho','2018-03-29 18:35:03, Yossy Ade Nugroho has edited item, name: Patchcore (LC-FC) 40 m, Location: Staging Lt.1 ID: #401120502','Edit items',0,'401120502','None'),('57362874','2018-04-01 17:25:43','#003-add-item','Yossy Ade Nugroho','2018-04-01 17:25:43, Yossy Ade Nugroho has added item, name: Baterai AA, Location: Staging Lt. 1 ID: #536308378','Add items',0,'536308378','None'),('575947823','2018-04-01 17:41:16','#003-add-item','Yossy Ade Nugroho','2018-04-01 17:41:16, Yossy Ade Nugroho has added item, name: Power Distribution Unit, Location: Staging Lt. 1 ID: #489983775','Add items',0,'489983775','None'),('581494004','2018-04-01 09:39:05','#003-add-item','Yossy Ade Nugroho','2018-04-01 09:39:05, Yossy Ade Nugroho has added item, name: Patchcore (SC-LC) 10 m, Location: Staging Lt. 1 ID: #26079261','Add items',0,'26079261','None'),('59175216','2018-03-29 18:04:11','#002-edit-item','Yossy Ade Nugroho','2018-03-29 18:04:11, Yossy Ade Nugroho has edited item, name: Patchcore (LC-FC) 40 m, Location: Staging Lt.1 ID: #401120502','Edit items',0,'401120502','None'),('610428132','2018-04-01 09:48:51','#003-add-item','Yossy Ade Nugroho','2018-04-01 09:48:51, Yossy Ade Nugroho has added item, name: Patchcore (LC-LC) 40 m, Location: Staging Lt. 1 ID: #57672346','Add items',0,'57672346','None'),('627563612','2018-03-29 17:55:46','#004-remove-item','Yossy Ade Nugroho','2018-03-29 17:55:46, Yossy Ade Nugroho has removed item, name: Kabel power, Location: Staging Lt. 3 ID: #244940168','Remove items',0,'244940168','None'),('62757793','2018-04-25 08:47:47','#003-add-item','Yossy Ade Nugroho','2018-04-25 08:47:47, Yossy Ade Nugroho has added item, name: Ballast Elektric, Location: Staging Lt. 1 ID: #963324175','Add items',0,'963324175','None'),('638270421','2018-03-29 17:56:10','#004-remove-item','Yossy Ade Nugroho','2018-03-29 17:56:10, Yossy Ade Nugroho has removed item, name: Patchcore FO (LC-LC), Location: Staging Lt. 1 ID: #392905917','Remove items',0,'392905917','None'),('642974877','2018-04-01 17:13:33','#003-add-item','Yossy Ade Nugroho','2018-04-01 17:13:33, Yossy Ade Nugroho has added item, name: Legrand Female 32A, Location: Staging Lt. 1 ID: #464127322','Add items',0,'464127322','None'),('644618840','2018-04-01 09:55:27','#003-add-item','Yossy Ade Nugroho','2018-04-01 09:55:27, Yossy Ade Nugroho has added item, name: Patchcore (SC-SC) 20 m, Location: Staging Lt. 1 ID: #141283897','Add items',0,'141283897','None'),('652475765','2018-03-29 17:57:42','#003-add-item','Yossy Ade Nugroho','2018-03-29 17:57:42, Yossy Ade Nugroho has added item, name: Patchcore FO (LC-FC) 40 meter, Location: Staging Lt. 1 ID: #401120502','Add items',0,'401120502','None'),('652951474','2018-04-01 09:56:49','#003-add-item','Yossy Ade Nugroho','2018-04-01 09:56:49, Yossy Ade Nugroho has added item, name: Patchcore (SC-SC) 3 m, Location: Staging Lt. 1 ID: #150653545','Add items',0,'150653545','None'),('664219916','2018-04-01 09:44:22','#002-edit-item','Yossy Ade Nugroho','2018-04-01 09:44:22, Yossy Ade Nugroho has edited item, name: Patchcore (SC-FC) 40 m, Location: Staging Lt.1 ID: #927244492','Edit items',0,'927244492','None'),('667723447','2018-03-29 17:56:10','#004-remove-item','Yossy Ade Nugroho','2018-03-29 17:56:10, Yossy Ade Nugroho has removed item, name: Patchcore FO (LC-LC), Location: Staging Lt. 1 ID: #392905917','Remove items',0,'392905917','None'),('672926512','2018-04-01 16:59:43','#003-add-item','Yossy Ade Nugroho','2018-04-01 16:59:43, Yossy Ade Nugroho has added item, name: Cage Nut , Location: Staging Lt. 1 ID: #152026754','Add items',0,'152026754','None'),('699318402','2018-03-29 17:56:10','#004-remove-item','Yossy Ade Nugroho','2018-03-29 17:56:10, Yossy Ade Nugroho has removed item, name: Patchcore FO (LC-LC), Location: Staging Lt. 1 ID: #392905917','Remove items',0,'392905917','None'),('703955784','2018-03-29 19:06:46','#003-add-item','Yossy Ade Nugroho','2018-03-29 19:06:46, Yossy Ade Nugroho has added item, name: Patchcore (SC-LC) 30 m, Location: Staging Lt. 1 ID: #504260339','Add items',0,'504260339','None'),('707685461','2018-04-01 16:21:05','#003-add-item','Yossy Ade Nugroho','2018-04-01 16:21:05, Yossy Ade Nugroho has added item, name: Patch Panel Siemon, Location: Staging Lt. 1 ID: #40948728','Add items',0,'40948728','None'),('711556106','2018-03-29 19:05:37','#003-add-item','Yossy Ade Nugroho','2018-03-29 19:05:37, Yossy Ade Nugroho has added item, name: Patchcore (SC-LC) 50 m, Location: Staging Lt. 1 ID: #377545170','Add items',0,'377545170','None'),('75132061','2018-04-01 09:45:19','#004-remove-item','Yossy Ade Nugroho','2018-04-01 09:45:19, Yossy Ade Nugroho has removed item, name: Patchcore (SC-FC) 40 m, Location: Staging Lt.1 ID: #927244492','Remove items',0,'927244492','None'),('760301682','2018-04-01 09:53:20','#003-add-item','Yossy Ade Nugroho','2018-04-01 09:53:20, Yossy Ade Nugroho has added item, name: Patchcore (LC-LC) 5 m, Location: Staging Lt. 1 ID: #261652499','Add items',0,'261652499','None'),('766745699','2018-03-29 18:02:00','#002-edit-item','Yossy Ade Nugroho','2018-03-29 18:02:00, Yossy Ade Nugroho has edited item, name: Patchcore (LC-FC) 40 m, Location: Staging Lt.1 ID: #401120502','Edit items',0,'401120502','None'),('771752175','2018-04-01 17:22:08','#003-add-item','Yossy Ade Nugroho','2018-04-01 17:22:08, Yossy Ade Nugroho has added item, name: Velcro, Location: Staging Lt. 1 ID: #694786597','Add items',0,'694786597','None'),('782079033','2018-04-06 19:37:06','#001-pick-up','Anggit Muhamad Ginanjar','2018-04-06 19:37:06, Anggit Muhamad Ginanjar has picked up 1 Pcs of Tape Printer Label 18mm, Location: Staging Lt. 1 ID: #321315297','Isi ulang untuk label printer DC TBS 01',1,'321315297','None'),('791462586','2018-04-01 09:51:48','#003-add-item','Yossy Ade Nugroho','2018-04-01 09:51:48, Yossy Ade Nugroho has added item, name: Patchcore (LC-LC) 10 m, Location: Staging Lt. 1 ID: #394627662','Add items',0,'394627662','None'),('79690227','2018-04-01 09:50:32','#003-add-item','Yossy Ade Nugroho','2018-04-01 09:50:32, Yossy Ade Nugroho has added item, name: Patchcore (LC-LC) 25 m, Location: Staging Lt. 1 ID: #524848645','Add items',0,'524848645','None'),('79714267','2018-04-01 17:20:30','#003-add-item','Yossy Ade Nugroho','2018-04-01 17:20:30, Yossy Ade Nugroho has added item, name: Legrand Male 32A, Location: Staging Lt. 1 ID: #8710493','Add items',0,'8710493','None'),('8039562','2018-04-01 10:08:33','#003-add-item','Yossy Ade Nugroho','2018-04-01 10:08:33, Yossy Ade Nugroho has added item, name: Patchcore (LC-LC) 50 m, Location: Staging Lt. 1 ID: #438460024','Add items',0,'438460024','None'),('812659142','2018-03-29 18:02:00','#002-edit-item','Yossy Ade Nugroho','2018-03-29 18:02:00, Yossy Ade Nugroho has edited item, name: Patchcore (LC-FC) 40 m, Location: Staging Lt.1 ID: #401120502','Edit items',0,'401120502','None'),('817503060','2018-03-29 18:02:01','#002-edit-item','Yossy Ade Nugroho','2018-03-29 18:02:01, Yossy Ade Nugroho has edited item, name: Patchcore (LC-FC) 40 m, Location: Staging Lt.1 ID: #401120502','Edit items',0,'401120502','None'),('818626702','2018-04-01 17:19:54','#003-add-item','Yossy Ade Nugroho','2018-04-01 17:19:54, Yossy Ade Nugroho has added item, name: Legrand Female 32A, Location: Staging Lt. 1 ID: #744251029','Add items',0,'744251029','None'),('860532183','2018-03-29 18:35:39','#002-edit-item','Yossy Ade Nugroho','2018-03-29 18:35:39, Yossy Ade Nugroho has edited item, name: Patchcore (LC-FC) 40 m, Location: Staging Lt.1 ID: #401120502','Edit items',0,'401120502','None'),('872832540','2018-04-01 17:18:51','#003-add-item','Yossy Ade Nugroho','2018-04-01 17:18:51, Yossy Ade Nugroho has added item, name: Legrand Male 32A, Location: Staging Lt. 1 ID: #305587235','Add items',0,'305587235','None'),('874358859','2018-04-01 09:47:29','#003-add-item','Yossy Ade Nugroho','2018-04-01 09:47:29, Yossy Ade Nugroho has added item, name: Patchcore (SC-FC) 10 m, Location: Staging Lt. 1 ID: #339054398','Add items',0,'339054398','None'),('892590153','2018-03-29 18:35:39','#002-edit-item','Yossy Ade Nugroho','2018-03-29 18:35:39, Yossy Ade Nugroho has edited item, name: Patchcore (LC-FC) 40 m, Location: Staging Lt.1 ID: #401120502','Edit items',0,'401120502','None'),('893350229','2018-04-01 10:04:47','#003-add-item','Yossy Ade Nugroho','2018-04-01 10:04:47, Yossy Ade Nugroho has added item, name: Patchcore (LC-LC) 10 m, Location: Staging Lt. 1 ID: #436722665','Add items',0,'436722665','None'),('903400270','2018-04-01 09:59:13','#003-add-item','Yossy Ade Nugroho','2018-04-01 09:59:13, Yossy Ade Nugroho has added item, name: Patchcore (LC-LC) 30 m, Location: Staging Lt. 1 ID: #347809124','Add items',0,'347809124','None'),('910839600','2018-04-01 17:18:04','#003-add-item','Yossy Ade Nugroho','2018-04-01 17:18:04, Yossy Ade Nugroho has added item, name: Legrand Female 32A, Location: Staging Lt. 1 ID: #736588021','Add items',0,'736588021','None'),('913588263','2018-04-01 16:20:24','#002-edit-item','Yossy Ade Nugroho','2018-04-01 16:20:24, Yossy Ade Nugroho has edited item, name: Patch Panel ADC Telnet, Location: Staging Lt.1 ID: #128324695','Edit items',0,'128324695','None'),('944776025','2018-03-29 17:55:56','#004-remove-item','Yossy Ade Nugroho','2018-03-29 17:55:56, Yossy Ade Nugroho has removed item, name: Patchcore FO (LC-LC), Location: Staging Lt. 1 ID: #392905917','Remove items',0,'392905917','None'),('957654619','2018-04-01 16:22:44','#003-add-item','Yossy Ade Nugroho','2018-04-01 16:22:44, Yossy Ade Nugroho has added item, name: Modular Siemon, Location: Staging Lt. 1 ID: #792507893','Add items',0,'792507893','None'),('962614040','2018-04-01 17:37:04','#003-add-item','Yossy Ade Nugroho','2018-04-01 17:37:04, Yossy Ade Nugroho has added item, name: Baterai AAA, Location: Staging Lt. 1 ID: #827440360','Add items',0,'827440360','None'),('971674227','2018-04-01 09:46:05','#003-add-item','Yossy Ade Nugroho','2018-04-01 09:46:05, Yossy Ade Nugroho has added item, name: Patchcore (SC-FC) 40 m, Location: Staging Lt. 1 ID: #398624762','Add items',0,'398624762','None'),('972136625','2018-03-29 17:01:22','#001-pick-up','Yossy Ade Nugroho','2018-03-29 17:01:22, Yossy Ade Nugroho has picked up 10 pcs(s) of Patchcore FO (LC-LC), Location: Staging Lt. 1 ID: #392905917','asdasdasd',10,'392905917','Canceled'),('974365159','2018-03-29 17:02:51','#006-cancel-pick','Yossy Ade Nugroho','2018-03-29 17:02:51, Yossy Ade Nugroho has canceled pick some items','Canceled Request',0,'None','None'),('994964468','2018-03-29 17:56:22','#004-remove-item','Yossy Ade Nugroho','2018-03-29 17:56:22, Yossy Ade Nugroho has removed item, name: Patchcore FO (LC-LC), Location: Staging Lt. 1 ID: #392905917','Remove items',0,'392905917','None'),('998421523','2018-03-29 18:03:15','#002-edit-item','Yossy Ade Nugroho','2018-03-29 18:03:15, Yossy Ade Nugroho has edited item, name: Patchcore (LC-FC) 40 m, Location: Staging Lt.1 ID: #401120502','Edit items',0,'401120502','None');
/*!40000 ALTER TABLE `history` ENABLE KEYS */;
UNLOCK TABLES;

--
-- Table structure for table `items`
--

DROP TABLE IF EXISTS `items`;
/*!40101 SET @saved_cs_client     = @@character_set_client */;
/*!40101 SET character_set_client = utf8 */;
CREATE TABLE `items` (
  `item_id` varchar(16) NOT NULL,
  `item_name` varchar(254) NOT NULL,
  `item_model` varchar(254) NOT NULL,
  `item_limitation` int(11) NOT NULL,
  `item_quantity` int(11) NOT NULL,
  `item_unit` varchar(32) NOT NULL,
  `date_of_entry` datetime NOT NULL,
  `item_time_period` varchar(32) NOT NULL,
  `item_expired` datetime NOT NULL,
  `item_owner` varchar(254) NOT NULL,
  `owner_id` varchar(32) NOT NULL,
  `item_location` varchar(32) NOT NULL,
  `item_status` varchar(32) NOT NULL,
  `added_by` varchar(64) NOT NULL,
  PRIMARY KEY (`item_id`)
) ENGINE=InnoDB DEFAULT CHARSET=utf8mb4 ROW_FORMAT=COMPRESSED KEY_BLOCK_SIZE=8;
/*!40101 SET character_set_client = @saved_cs_client */;

--
-- Dumping data for table `items`
--

LOCK TABLES `items` WRITE;
/*!40000 ALTER TABLE `items` DISABLE KEYS */;
INSERT INTO `items` VALUES ('128324695','Patch Panel ADC Telnet','ADC',1,3,'Pcs','2018-04-01 16:16:40','None','0000-00-00 00:00:00','Lintasarta','2018499292227','Staging Lt.1','Available','Yossy Ade Nugroho'),('141283897','Patchcore (SC-SC) 20 m','Multi Mode',1,28,'Pcs','2018-04-01 09:54:43','None','0000-00-00 00:00:00','Lintasarta','2018499292227','Staging Lt. 1','Available','Yossy Ade Nugroho'),('150653545','Patchcore (SC-SC) 3 m','Multi Mode',1,1,'Pcs','2018-04-01 09:56:17','None','0000-00-00 00:00:00','Lintasarta','2018499292227','Staging Lt. 1','Limited','Yossy Ade Nugroho'),('152026754','Cage Nut ','Standard',1,1,'Box','2018-04-01 16:23:03','None','0000-00-00 00:00:00','Lintasarta','2018499292227','Staging Lt. 1','Limited','Yossy Ade Nugroho'),('170891602','Cable Power','For Device',10,41,'Pcs','2018-04-01 17:37:55','None','0000-00-00 00:00:00','Lintasarta','2018499292227','Staging Lt.1','Available','Yossy Ade Nugroho'),('178936580','Tape Printer Label 12mm','Brother',2,3,'Pcs','2018-04-01 17:44:30','None','0000-00-00 00:00:00','Lintasarta','2018499292227','Staging Lt. 1','Available','Yossy Ade Nugroho'),('179171688','Patchcore (LC-FC) 20 m','Single Mode',1,1,'Pcs','2018-03-29 18:33:05','None','0000-00-00 00:00:00','Lintasarta','2018499292227','Staging Lt. 1','Limited','Yossy Ade Nugroho'),('201469899','Cable Management','Mounting',1,10,'Pcs','2018-04-01 16:13:20','None','0000-00-00 00:00:00','Lintasarta','2018499292227','Staging Lt.1','Available','Yossy Ade Nugroho'),('26079261','Patchcore (SC-LC) 10 m','Single Mode',1,9,'Pcs','2018-04-01 09:38:13','None','0000-00-00 00:00:00','Lintasarta','2018499292227','Staging Lt. 1','Available','Yossy Ade Nugroho'),('261652499','Patchcore (LC-LC) 5 m','Single Mode',1,1,'Pcs','2018-04-01 09:52:53','None','0000-00-00 00:00:00','Lintasarta','2018499292227','Staging Lt. 1','Limited','Yossy Ade Nugroho'),('264775845','Power Distribution Unit','Cascade',1,2,'Pcs','2018-04-01 17:41:34','None','0000-00-00 00:00:00','Lintasarta','2018499292227','Staging Lt. 1','Available','Yossy Ade Nugroho'),('265863684','Power Distribution Unit','Vertical',1,2,'Pcs','2018-04-01 17:39:49','None','0000-00-00 00:00:00','Lintasarta','2018499292227','Staging Lt. 1','Available','Yossy Ade Nugroho'),('27028846','Patchcore (LC-LC) 15 m','Multi Mode',1,22,'Pcs','2018-04-01 10:03:28','None','0000-00-00 00:00:00','Lintasarta','2018499292227','Staging Lt. 1','Available','Yossy Ade Nugroho'),('272540638','Patchcore (SC-FC) 50 m','Single Mode',1,2,'Pcs','2018-04-01 09:41:11','None','0000-00-00 00:00:00','Lintasarta','2018499292227','Staging Lt. 1','Available','Yossy Ade Nugroho'),('305587235','Legrand Male 32A','3P+G+N',5,12,'Pcs','2018-04-01 17:18:22','None','0000-00-00 00:00:00','Lintasarta','2018499292227','Staging Lt. 1','Available','Yossy Ade Nugroho'),('321315297','Tape Printer Label 18mm','Brother',2,9,'Pcs','2018-04-01 17:42:14','None','0000-00-00 00:00:00','Lintasarta','2018499292227','Staging Lt. 1','Available','Yossy Ade Nugroho'),('334079100','Patchcore (SC-LC) 20 m','Single Mode',1,14,'Pcs','2018-04-01 09:36:55','None','0000-00-00 00:00:00','Lintasarta','2018499292227','Staging Lt. 1','Available','Yossy Ade Nugroho'),('339054398','Patchcore (SC-FC) 10 m','Single Mode',1,1,'Pcs','2018-04-01 09:46:55','None','0000-00-00 00:00:00','Lintasarta','2018499292227','Staging Lt. 1','Limited','Yossy Ade Nugroho'),('347809124','Patchcore (LC-LC) 30 m','Multi Mode',1,19,'Pcs','2018-04-01 09:58:01','None','0000-00-00 00:00:00','Lintasarta','2018499292227','Staging Lt. 1','Available','Yossy Ade Nugroho'),('377545170','Patchcore (SC-LC) 50 m','Single Mode',1,7,'Pcs','2018-03-29 19:04:46','None','0000-00-00 00:00:00','Lintasarta','2018499292227','Staging Lt. 1','Available','Yossy Ade Nugroho'),('394627662','Patchcore (LC-LC) 10 m','Single Mode',1,22,'Pcs','2018-04-01 09:51:22','None','0000-00-00 00:00:00','Lintasarta','2018499292227','Staging Lt. 1','Available','Yossy Ade Nugroho'),('398624762','Patchcore (SC-FC) 40 m','Single Mode',1,8,'Pcs','2018-04-01 09:45:28','None','0000-00-00 00:00:00','Lintasarta','2018499292227','Staging Lt. 1','Available','Yossy Ade Nugroho'),('401120502','Patchcore (LC-FC) 40 m','Single Mode',1,5,'Pcs','2018-03-29 17:55:41','None','0000-00-00 00:00:00','Lintasarta','2018499292227','Staging Lt.1','Available','Yossy Ade Nugroho'),('40462723','Rack Shelf (Mix)','Standard',10,33,'Pcs','2018-04-01 17:00:42','None','0000-00-00 00:00:00','Lintasarta','2018499292227','Staging Lt. 3','Available','Yossy Ade Nugroho'),('405222235','Patchcore (LC-LC) 40 m','Multi Mode',1,1,'Pcs','2018-04-01 09:57:13','None','0000-00-00 00:00:00','Lintasarta','2018499292227','Staging Lt. 1','Limited','Yossy Ade Nugroho'),('40948728','Patch Panel Siemon','Siemon',1,9,'Pcs','2018-04-01 16:20:33','None','0000-00-00 00:00:00','Lintasarta','2018499292227','Staging Lt. 1','Available','Yossy Ade Nugroho'),('436722665','Patchcore (LC-LC) 10 m','Multi Mode',1,1,'Pcs','2018-04-01 10:04:14','None','0000-00-00 00:00:00','Lintasarta','2018499292227','Staging Lt. 1','Limited','Yossy Ade Nugroho'),('438460024','Patchcore (LC-LC) 50 m','Multi Mode',1,4,'Pcs','2018-04-01 10:08:10','None','0000-00-00 00:00:00','Lintasarta','2018499292227','Staging Lt. 1','Available','Yossy Ade Nugroho'),('464127322','Legrand Female 32A','3P+G',5,12,'Pcs','2018-04-01 17:12:14','None','0000-00-00 00:00:00','Lintasarta','2018499292227','Staging Lt. 1','Available','Yossy Ade Nugroho'),('489983775','Power Distribution Unit','Horizontal',1,2,'Pcs','2018-04-01 17:40:38','None','0000-00-00 00:00:00','Lintasarta','2018499292227','Staging Lt. 1','Available','Yossy Ade Nugroho'),('498569472','Patchcore (LC-LC) 20 m','Single Mode',1,29,'Pcs','2018-04-01 09:50:41','None','0000-00-00 00:00:00','Lintasarta','2018499292227','Staging Lt. 1','Available','Yossy Ade Nugroho'),('504260339','Patchcore (SC-LC) 30 m','Single Mode',1,26,'Pcs','2018-03-29 19:06:08','None','0000-00-00 00:00:00','Lintasarta','2018499292227','Staging Lt. 1','Available','Yossy Ade Nugroho'),('524848645','Patchcore (LC-LC) 25 m','Single Mode',1,1,'Pcs','2018-04-01 09:50:06','None','0000-00-00 00:00:00','Lintasarta','2018499292227','Staging Lt. 1','Limited','Yossy Ade Nugroho'),('536308378','Baterai AA','Alkaline',1,6,'Pcs','2018-04-01 17:24:35','None','0000-00-00 00:00:00','Lintasarta','2018499292227','Staging Lt. 1','Available','Yossy Ade Nugroho'),('57672346','Patchcore (LC-LC) 40 m','Single Mode',1,2,'Pcs','2018-04-01 09:48:27','None','0000-00-00 00:00:00','Lintasarta','2018499292227','Staging Lt. 1','Available','Yossy Ade Nugroho'),('577122370','Legrand Male 32A','3P+G',5,54,'Pcs','2018-04-01 17:15:24','None','0000-00-00 00:00:00','Lintasarta','2018499292227','Staging Lt. 1','Available','Yossy Ade Nugroho'),('682381773','Patchcore (LC-LC) 30 m','Single Mode',1,33,'Pcs','2018-04-01 09:48:57','None','0000-00-00 00:00:00','Lintasarta','2018499292227','Staging Lt. 1','Available','Yossy Ade Nugroho'),('694786597','Velcro','Velcro',1,5,'Roll','2018-04-01 17:21:00','None','0000-00-00 00:00:00','Lintasarta','2018499292227','Staging Lt. 1','Available','Yossy Ade Nugroho'),('736588021','Legrand Female 32A','3P+G+N',5,12,'Pcs','2018-04-01 17:17:30','None','0000-00-00 00:00:00','Lintasarta','2018499292227','Staging Lt. 1','Available','Yossy Ade Nugroho'),('744251029','Legrand Female 32A','3P+G (Mounting)',1,4,'Pcs','2018-04-01 17:19:07','None','0000-00-00 00:00:00','Lintasarta','2018499292227','Staging Lt. 1','Available','Yossy Ade Nugroho'),('786312688','Patchcore (LC-LC) 3 m','Single Mode',1,60,'Pcs','2018-04-01 09:53:26','None','0000-00-00 00:00:00','Lintasarta','2018499292227','Staging Lt. 1','Available','Yossy Ade Nugroho'),('792507893','Modular Siemon','Siemon',10,160,'Pcs','2018-04-01 16:21:27','None','0000-00-00 00:00:00','Lintasarta','2018499292227','Staging Lt. 1','Available','Yossy Ade Nugroho'),('827440360','Baterai AAA','Alkaline',1,6,'Pcs','2018-04-01 17:36:38','None','0000-00-00 00:00:00','Lintasarta','2018499292227','Staging Lt. 1','Available','Yossy Ade Nugroho'),('863288808','Patchcore (LC-LC) 3 m','Multi Mode',1,103,'Pcs','2018-04-01 10:06:16','None','0000-00-00 00:00:00','Lintasarta','2018499292227','Staging Lt. 3','Available','Yossy Ade Nugroho'),('8710493','Legrand Male 32A','3P',5,35,'Pcs','2018-04-01 17:20:02','None','0000-00-00 00:00:00','Lintasarta','2018499292227','Staging Lt. 1','Available','Yossy Ade Nugroho'),('875287311','Patchcore (SC-SC) 15 m','Multi Mode',1,3,'Pcs','2018-04-01 09:55:34','None','0000-00-00 00:00:00','Lintasarta','2018499292227','Staging Lt. 1','Available','Yossy Ade Nugroho'),('890943241','RJ 45','TE AMP',1,89,'Pack','2018-04-01 17:00:02','None','0000-00-00 00:00:00','Lintasarta','2018499292227','Staging Lt. 1','Available','Yossy Ade Nugroho'),('901797296','Baterai 9v','Alkaline',5,17,'Pcs','2018-04-01 17:37:10','None','0000-00-00 00:00:00','Lintasarta','2018499292227','Staging Lt. 1','Available','Yossy Ade Nugroho'),('911488845','Patchcore (SC-SC) 40 m','Single Mode',1,6,'Pcs','2018-03-29 19:03:41','None','0000-00-00 00:00:00','Lintasarta','2018499292227','Staging Lt. 1','Available','Yossy Ade Nugroho'),('971902971','Patchcore (LC-LC) 5 m','Multi Mode',1,24,'Pcs','2018-04-01 10:05:02','None','0000-00-00 00:00:00','Lintasarta','2018499292227','Staging Lt. 1','Available','Yossy Ade Nugroho'),('979255053','Patchcore (LC-LC) 50 m','Single Mode',1,6,'Pcs','2018-04-01 09:47:45','None','0000-00-00 00:00:00','Lintasarta','2018499292227','Staging Lt. 1','Available','Yossy Ade Nugroho'),('986587243','Ballast electrical','Phillips',1,4,'pcs','2018-04-19 21:45:40','None','0000-00-00 00:00:00','Lintasarta','2018499292227','Staging Lt. 1','Available','Yossy Ade Nugroho');
/*!40000 ALTER TABLE `items` ENABLE KEYS */;
UNLOCK TABLES;

--
-- Table structure for table `items_current_used`
--

DROP TABLE IF EXISTS `items_current_used`;
/*!40101 SET @saved_cs_client     = @@character_set_client */;
/*!40101 SET character_set_client = utf8 */;
CREATE TABLE `items_current_used` (
  `item_id` varchar(16) NOT NULL,
  `name` varchar(254) NOT NULL,
  `in_date` datetime NOT NULL,
  `quantity` int(11) NOT NULL,
  `used` int(11) NOT NULL,
  `rest` int(11) NOT NULL,
  `status` varchar(32) NOT NULL,
  PRIMARY KEY (`item_id`)
) ENGINE=InnoDB DEFAULT CHARSET=utf8mb4 ROW_FORMAT=COMPRESSED KEY_BLOCK_SIZE=8;
/*!40101 SET character_set_client = @saved_cs_client */;

--
-- Dumping data for table `items_current_used`
--

LOCK TABLES `items_current_used` WRITE;
/*!40000 ALTER TABLE `items_current_used` DISABLE KEYS */;
INSERT INTO `items_current_used` VALUES ('128324695','Patch panel ADC Telnet','2018-04-01 16:16:40',3,0,3,'Available'),('141283897','Patchcore (SC-SC) 20 m','2018-04-01 09:54:43',28,0,28,'Available'),('150653545','Patchcore (SC-SC) 3 m','2018-04-01 09:56:17',1,0,1,'Limited'),('152026754','Cage Nut ','2018-04-01 16:23:03',1,0,1,'Limited'),('170891602','Cable Power','2018-04-01 17:37:55',41,0,41,'Available'),('178936580','Tape Printer Label 12mm','2018-04-01 17:44:30',3,0,3,'Available'),('179171688','Patchcore (LC-FC) 20 m','2018-03-29 18:33:05',1,0,1,'Limited'),('201469899','Cabla Management','2018-04-01 16:13:20',10,0,10,'Available'),('26079261','Patchcore (SC-LC) 10 m','2018-04-01 09:38:13',9,0,9,'Available'),('261652499','Patchcore (LC-LC) 5 m','2018-04-01 09:52:53',1,0,1,'Limited'),('264775845','Power Distribution Unit','2018-04-01 17:41:34',2,0,2,'Available'),('265863684','Power Distribution Unit','2018-04-01 17:39:49',2,0,2,'Available'),('27028846','Patchcore (LC-LC) 15 m','2018-04-01 10:03:28',22,0,22,'Available'),('272540638','Patchcore (SC-FC) 50 m','2018-04-01 09:41:11',2,0,2,'Available'),('305587235','Legrand Male 32A','2018-04-01 17:18:22',12,0,12,'Available'),('321315297','Tape Printer Label 18mm','2018-04-01 17:42:14',10,1,9,'Available'),('334079100','Patchcore (SC-LC) 20 m','2018-04-01 09:36:55',14,0,14,'Available'),('339054398','Patchcore (SC-FC) 10 m','2018-04-01 09:46:55',1,0,1,'Limited'),('347809124','Patchcore (LC-LC) 30 m','2018-04-01 09:58:01',19,0,19,'Available'),('377545170','Patchcore (SC-LC) 50 m','2018-03-29 19:04:46',7,0,7,'Available'),('394627662','Patchcore (LC-LC) 10 m','2018-04-01 09:51:22',22,0,22,'Available'),('398624762','Patchcore (SC-FC) 40 m','2018-04-01 09:45:28',8,0,8,'Available'),('401120502','Patchcore FO (LC-FC) 40 meter','2018-03-29 17:55:41',5,0,5,'Limited'),('40462723','Rack Shelf (Mix)','2018-04-01 17:00:42',33,0,33,'Available'),('405222235','Patchcore (LC-LC) 40 m','2018-04-01 09:57:13',1,0,1,'Limited'),('40948728','Patch Panel Siemon','2018-04-01 16:20:33',9,0,9,'Available'),('436722665','Patchcore (LC-LC) 10 m','2018-04-01 10:04:14',1,0,1,'Limited'),('438460024','Patchcore (LC-LC) 50 m','2018-04-01 10:08:10',4,0,4,'Available'),('464127322','Legrand Female 32A','2018-04-01 17:12:14',12,0,12,'Available'),('489983775','Power Distribution Unit','2018-04-01 17:40:38',2,0,2,'Available'),('498569472','Patchcore (LC-LC) 20 m','2018-04-01 09:50:41',29,0,29,'Available'),('504260339','Patchcore (SC-LC) 30 m','2018-03-29 19:06:08',26,0,26,'Available'),('524848645','Patchcore (LC-LC) 25 m','2018-04-01 09:50:06',1,0,1,'Limited'),('536308378','Baterai AA','2018-04-01 17:24:35',6,0,6,'Available'),('57672346','Patchcore (LC-LC) 40 m','2018-04-01 09:48:27',2,0,2,'Available'),('577122370','Legrand Male 32A','2018-04-01 17:15:24',54,0,54,'Available'),('682381773','Patchcore (LC-LC) 30 m','2018-04-01 09:48:57',33,0,33,'Available'),('694786597','Velcro','2018-04-01 17:21:00',5,0,5,'Available'),('736588021','Legrand Female 32A','2018-04-01 17:17:30',12,0,12,'Available'),('744251029','Legrand Female 32A','2018-04-01 17:19:07',4,0,4,'Available'),('786312688','Patchcore (LC-LC) 3 m','2018-04-01 09:53:26',60,0,60,'Available'),('792507893','Modular Siemon','2018-04-01 16:21:27',160,0,160,'Available'),('827440360','Baterai AAA','2018-04-01 17:36:38',6,0,6,'Available'),('863288808','Patchcore (LC-LC) 3 m','2018-04-01 10:06:16',103,0,103,'Available'),('8710493','Legrand Male 32A','2018-04-01 17:20:02',35,0,35,'Available'),('875287311','Patchcore (SC-SC) 15 m','2018-04-01 09:55:34',3,0,3,'Available'),('890943241','RJ 45','2018-04-01 17:00:02',90,1,89,'Available'),('901797296','Baterai 9v','2018-04-01 17:37:10',17,0,17,'Available'),('911488845','Patchcore (SC-SC) 40 m','2018-03-29 19:03:41',6,0,6,'Available'),('971902971','Patchcore (LC-LC) 5 m','2018-04-01 10:05:02',24,0,24,'Available'),('979255053','Patchcore (LC-LC) 50 m','2018-04-01 09:47:45',6,0,6,'Available'),('986587243','Ballast electrical','2018-04-19 21:45:40',4,0,4,'Available');
/*!40000 ALTER TABLE `items_current_used` ENABLE KEYS */;
UNLOCK TABLES;

--
-- Table structure for table `items_report_storage`
--

DROP TABLE IF EXISTS `items_report_storage`;
/*!40101 SET @saved_cs_client     = @@character_set_client */;
/*!40101 SET character_set_client = utf8 */;
CREATE TABLE `items_report_storage` (
  `storage_id` varchar(64) NOT NULL,
  `item_id` varchar(16) NOT NULL,
  `name` varchar(254) NOT NULL,
  `in_date` datetime NOT NULL,
  `quantity` int(11) NOT NULL,
  `used` int(11) NOT NULL,
  `rest` int(11) NOT NULL,
  `status` varchar(32) NOT NULL,
  PRIMARY KEY (`storage_id`)
) ENGINE=InnoDB DEFAULT CHARSET=utf8mb4 ROW_FORMAT=COMPRESSED KEY_BLOCK_SIZE=8;
/*!40101 SET character_set_client = @saved_cs_client */;

--
-- Dumping data for table `items_report_storage`
--

LOCK TABLES `items_report_storage` WRITE;
/*!40000 ALTER TABLE `items_report_storage` DISABLE KEYS */;
INSERT INTO `items_report_storage` VALUES ('STORAGE_2018102011296','272540638','Patchcore (SC-FC) 50 m','2018-04-01 09:41:11',2,0,2,'Available'),('STORAGE_2018159151069','901797296','Baterai 9v','2018-04-01 17:37:10',17,0,17,'Available'),('STORAGE_2018163660883','986587243','Ballast electrical','2018-04-19 21:45:40',4,0,4,'Available'),('STORAGE_2018208085350','682381773','Patchcore (LC-LC) 30 m','2018-04-01 09:48:57',33,0,33,'Available'),('STORAGE_2018218760573','577122370','Legrand Male 32A','2018-04-01 17:15:24',54,0,54,'Available'),('STORAGE_2018230687518','170891602','Cable Power','2018-04-01 17:37:55',41,0,41,'Available'),('STORAGE_2018266331447','911488845','Patchcore (SC-SC) 40 m','2018-03-29 19:03:41',6,0,6,'Available'),('STORAGE_2018309050949','128324695','Patch panel ADC Telnet','2018-04-01 16:16:40',3,0,3,'Available'),('STORAGE_2018317420047','264775845','Power Distribution Unit','2018-04-01 17:41:34',2,0,2,'Available'),('STORAGE_2018320970097','150653545','Patchcore (SC-SC) 3 m','2018-04-01 09:56:17',1,0,1,'Limited'),('STORAGE_2018322091743','265863684','Power Distribution Unit','2018-04-01 17:39:49',2,0,2,'Available'),('STORAGE_2018325577961','201469899','Cabla Management','2018-04-01 16:13:20',10,0,10,'Available'),('STORAGE_2018332408706','875287311','Patchcore (SC-SC) 15 m','2018-04-01 09:55:34',3,0,3,'Available'),('STORAGE_2018337520070','863288808','Patchcore (LC-LC) 3 m','2018-04-01 10:06:16',103,0,103,'Available'),('STORAGE_2018343364987','786312688','Patchcore (LC-LC) 3 m','2018-04-01 09:53:26',60,0,60,'Available'),('STORAGE_2018356314065','179171688','Patchcore (LC-FC) 20 m','2018-03-29 18:33:05',1,0,1,'Limited'),('STORAGE_2018380900280','321315297','Tape Printer Label 18mm','2018-04-01 17:42:14',10,1,9,'Available'),('STORAGE_2018411449423','27028846','Patchcore (LC-LC) 15 m','2018-04-01 10:03:28',22,0,22,'Available'),('STORAGE_201841666371','536308378','Baterai AA','2018-04-01 17:24:35',6,0,6,'Available'),('STORAGE_2018443385648','979255053','Patchcore (LC-LC) 50 m','2018-04-01 09:47:45',6,0,6,'Available'),('STORAGE_2018445295525','40462723','Rack Shelf (Mix)','2018-04-01 17:00:42',33,0,33,'Available'),('STORAGE_2018481903243','334079100','Patchcore (SC-LC) 20 m','2018-04-01 09:36:55',14,0,14,'Available'),('STORAGE_2018512671','498569472','Patchcore (LC-LC) 20 m','2018-04-01 09:50:41',29,0,29,'Available'),('STORAGE_201852223089','524848645','Patchcore (LC-LC) 25 m','2018-04-01 09:50:06',1,0,1,'Limited'),('STORAGE_2018538623813','890943241','RJ 45','2018-04-01 17:00:02',90,1,89,'Available'),('STORAGE_2018559202398','489983775','Power Distribution Unit','2018-04-01 17:40:38',2,0,2,'Available'),('STORAGE_2018566290503','26079261','Patchcore (SC-LC) 10 m','2018-04-01 09:38:13',9,0,9,'Available'),('STORAGE_2018585134920','57672346','Patchcore (LC-LC) 40 m','2018-04-01 09:48:27',2,0,2,'Available'),('STORAGE_2018622336505','464127322','Legrand Female 32A','2018-04-01 17:12:14',12,0,12,'Available'),('STORAGE_2018624601478','141283897','Patchcore (SC-SC) 20 m','2018-04-01 09:54:43',28,0,28,'Available'),('STORAGE_201862744799','8710493','Legrand Male 32A','2018-04-01 17:20:02',35,0,35,'Available'),('STORAGE_2018644579450','152026754','Cage Nut ','2018-04-01 16:23:03',1,0,1,'Limited'),('STORAGE_2018679753136','436722665','Patchcore (LC-LC) 10 m','2018-04-01 10:04:14',1,0,1,'Limited'),('STORAGE_2018681624405','504260339','Patchcore (SC-LC) 30 m','2018-03-29 19:06:08',26,0,26,'Available'),('STORAGE_2018687716098','40948728','Patch Panel Siemon','2018-04-01 16:20:33',9,0,9,'Available'),('STORAGE_2018693972584','377545170','Patchcore (SC-LC) 50 m','2018-03-29 19:04:46',7,0,7,'Available'),('STORAGE_2018701517663','971902971','Patchcore (LC-LC) 5 m','2018-04-01 10:05:02',24,0,24,'Available'),('STORAGE_2018744727176','261652499','Patchcore (LC-LC) 5 m','2018-04-01 09:52:53',1,0,1,'Limited'),('STORAGE_2018753964735','694786597','Velcro','2018-04-01 17:21:00',5,0,5,'Available'),('STORAGE_2018760119575','394627662','Patchcore (LC-LC) 10 m','2018-04-01 09:51:22',22,0,22,'Available'),('STORAGE_2018764625230','178936580','Tape Printer Label 12mm','2018-04-01 17:44:30',3,0,3,'Available'),('STORAGE_2018801943224','744251029','Legrand Female 32A','2018-04-01 17:19:07',4,0,4,'Available'),('STORAGE_2018842147854','339054398','Patchcore (SC-FC) 10 m','2018-04-01 09:46:55',1,0,1,'Limited'),('STORAGE_2018842594483','305587235','Legrand Male 32A','2018-04-01 17:18:22',12,0,12,'Available'),('STORAGE_201886835631','401120502','Patchcore FO (LC-FC) 40 meter','2018-03-29 17:55:41',5,0,5,'Limited'),('STORAGE_2018876964119','347809124','Patchcore (LC-LC) 30 m','2018-04-01 09:58:01',19,0,19,'Available'),('STORAGE_2018894330114','736588021','Legrand Female 32A','2018-04-01 17:17:30',12,0,12,'Available'),('STORAGE_2018941196144','792507893','Modular Siemon','2018-04-01 16:21:27',160,0,160,'Available'),('STORAGE_2018941467151','398624762','Patchcore (SC-FC) 40 m','2018-04-01 09:45:28',8,0,8,'Available'),('STORAGE_2018943953636','827440360','Baterai AAA','2018-04-01 17:36:38',6,0,6,'Available'),('STORAGE_2018988353200','438460024','Patchcore (LC-LC) 50 m','2018-04-01 10:08:10',4,0,4,'Available'),('STORAGE_2018992487414','405222235','Patchcore (LC-LC) 40 m','2018-04-01 09:57:13',1,0,1,'Limited');
/*!40000 ALTER TABLE `items_report_storage` ENABLE KEYS */;
UNLOCK TABLES;

--
-- Table structure for table `user_login`
--

DROP TABLE IF EXISTS `user_login`;
/*!40101 SET @saved_cs_client     = @@character_set_client */;
/*!40101 SET character_set_client = utf8 */;
CREATE TABLE `user_login` (
  `user_id` varchar(16) NOT NULL,
  `user_login_name` varchar(8) NOT NULL,
  `user_name` varchar(64) NOT NULL,
  `user_privilege` varchar(16) NOT NULL,
  `password` varchar(64) NOT NULL,
  `user_email` varchar(64) NOT NULL,
  `date_created` datetime NOT NULL,
  `status` varchar(32) NOT NULL,
  PRIMARY KEY (`user_id`)
) ENGINE=InnoDB DEFAULT CHARSET=utf8mb4 ROW_FORMAT=COMPRESSED KEY_BLOCK_SIZE=8;
/*!40101 SET character_set_client = @saved_cs_client */;

--
-- Dumping data for table `user_login`
--

LOCK TABLES `user_login` WRITE;
/*!40000 ALTER TABLE `user_login` DISABLE KEYS */;
INSERT INTO `user_login` VALUES ('001','mimin','Default User','Administrator','123456abC','mimin.mimin@lintasarta.co.id','2017-11-11 00:00:00','Registered'),('163223286','ell','Ellan Marsage S','Operator','P4ssword393599273','ellan.marsage@lintasarta.co.id','2018-04-06 19:38:56','New'),('20174710','yod','Yossy Ade Nugroho','Administrator','R4hasia123!','yossy.nugroho@lintasarta.co.id','2018-03-29 16:50:53','Registered'),('277722721','gtt','Gatta Pherasi Aditama','Operator','P4ssword393599273','gatta.aditama@lintasarta.co.id','2018-04-06 19:38:56','New'),('482023422','pep','Putra Eka Pratama','Operator','P4ssword393599273','putra.eka@lintasarta.co.id','2018-04-06 19:38:56','New'),('485759459','hdb','Herdabayanto','Operator','P4ssword393599273','herdabayanto@lintasarta.co.id','2018-04-06 19:38:56','New'),('486935754','asd','Athoillah Sakandari','Operator','P4ssword393599273','athoillah.sakandari@lintasarta.co.id','2018-04-06 19:38:56','New'),('740686916','bmq','Bayu Ilham M','Operator','P4ssword393599273','bayu.ilham@lintasarta.co.id','2018-04-06 19:38:56','New'),('829700490','aqx','Anggit Muhamad Ginanjar','Administrator','lol','anggit.ginanjar@lintasarta.co.id','2018-03-30 21:47:47','Registered'),('867988915','nrw','Nur Rochmad Wicaksono','Operator','P4ssword393599273','nur.rochman@lintasarta.co.id','2018-04-06 19:38:56','New'),('903775764','fjy','Fajar Adiyanto P','Operator','P4ssword393599273','fajar.adiyanto@lintasarta.co.id','2018-04-06 19:38:56','New'),('9176372','myp','M Arsyad Pramadia','Administrator','P4ssword393599273','arsyad.pramadia@lintasarta.co.id','2018-04-06 19:38:56','New');
/*!40000 ALTER TABLE `user_login` ENABLE KEYS */;
UNLOCK TABLES;
/*!40103 SET TIME_ZONE=@OLD_TIME_ZONE */;

/*!40101 SET SQL_MODE=@OLD_SQL_MODE */;
/*!40014 SET FOREIGN_KEY_CHECKS=@OLD_FOREIGN_KEY_CHECKS */;
/*!40014 SET UNIQUE_CHECKS=@OLD_UNIQUE_CHECKS */;
/*!40101 SET CHARACTER_SET_CLIENT=@OLD_CHARACTER_SET_CLIENT */;
/*!40101 SET CHARACTER_SET_RESULTS=@OLD_CHARACTER_SET_RESULTS */;
/*!40101 SET COLLATION_CONNECTION=@OLD_COLLATION_CONNECTION */;
/*!40111 SET SQL_NOTES=@OLD_SQL_NOTES */;

-- Dump completed on 2018-05-05 21:59:42
